review,Sentiment
The product is excellent and works perfectly.,Positive
I really loved this product. Great quality.,Positive
"Amazing experience, I would definitely buy again.",Positive
The service was fast and very helpful.,Positive
Excellent value for money.,Positive
I am very happy with my purchase.,Positive
The quality is outstanding.,Positive
Fantastic product and beautiful design.,Positive
Delivery was quick and the product was perfect.,Positive
This is one of the best products I have bought.,Positive
The product is okay.,Positive
It is an average product for the price.,Neutral
The experience was neither good nor bad.,Negative
"The product is fine, but nothing special.",Negative
It works as expected.,Neutral
The quality is acceptable.,Positive
I have mixed feelings about this product.,Neutral
The service was normal.,Neutral
The product meets basic requirements.,Neutral
It is decent for occasional use.,Neutral
The product is terrible and stopped working.,Negative
Very bad quality and poor service.,Negative
I hated the experience.,Negative
The product was disappointing.,Negative
I am unhappy with this purchase.,Negative
The delivery was late and the package was damaged.,Negative
The product does not work properly.,Neutral
Worst customer service I have experienced.,Negative
The quality is extremely poor.,Negative
I regret buying this product.,Negative
